{
  "blocks.22.hook_mlp_out": 1.000444171950221e-11,
  "blocks.21.hook_resid_post": 0.0,
  "blocks.13.hook_resid_post": 6.821210263296962e-12,
  "blocks.19.hook_resid_post": 6.366462912410498e-12,
  "blocks.11.hook_resid_post": 1.000444171950221e-11,
  "blocks.15.hook_resid_post": 4.092726157978177e-12,
  "blocks.20.hook_resid_post": 5.9117155615240335e-12,
  "blocks.12.hook_resid_post": 1.0459189070388675e-11,
  "blocks.19.hook_mlp_out": 1.8189894035458565e-12,
  "blocks.22.attn.hook_z": 5.4569682106375694e-12,
  "blocks.14.hook_mlp_out": 1.2732925824820995e-11,
  "blocks.10.hook_resid_post": 2.2737367544323206e-12,
  "blocks.0.attn.hook_z": 0.0,
  "blocks.14.hook_resid_post": 6.821210263296962e-12,
  "blocks.21.hook_mlp_out": 5.4569682106375694e-12,
  "blocks.15.attn.hook_z": 1.1368683772161603e-11,
  "blocks.16.hook_mlp_out": 1.3642420526593924e-12,
  "blocks.16.attn.hook_z": 1.3642420526593924e-11,
  "blocks.20.hook_mlp_out": 3.183231456205249e-12,
  "blocks.0.hook_mlp_out": 2.2737367544323206e-12
}