{
  "blocks.0.attn.hook_z": 0.5331539358669356,
  "blocks.0.hook_mlp_out": 0.7373545833656358,
  "blocks.0.hook_resid_post": 0.7535606476474326,
  "blocks.1.attn.hook_z": 0.1678673877744472,
  "blocks.1.hook_mlp_out": 0.20877970629891418,
  "blocks.1.hook_resid_post": 0.9162321499287969,
  "blocks.2.attn.hook_z": 0.18285624305526732,
  "blocks.2.hook_mlp_out": 0.23353315072606778,
  "blocks.2.hook_resid_post": 1.0285716314290505,
  "blocks.3.attn.hook_z": 0.13621215551130192,
  "blocks.3.hook_mlp_out": 1.5104473083183456,
  "blocks.3.hook_resid_post": 2.3881797609343596,
  "blocks.4.attn.hook_z": 0.10619209546822438,
  "blocks.4.hook_mlp_out": 0.2371888792438168,
  "blocks.4.hook_resid_post": 2.4629383413303523,
  "blocks.5.attn.hook_z": 0.12356076351064509,
  "blocks.5.hook_mlp_out": 0.2350777475544613,
  "blocks.5.hook_resid_post": 2.5366052147468885,
  "blocks.6.attn.hook_z": 0.09033708911823003,
  "blocks.6.hook_mlp_out": 0.2056616267249823,
  "blocks.6.hook_resid_post": 2.5708609577645394,
  "blocks.7.attn.hook_z": 0.11378485438928998,
  "blocks.7.hook_mlp_out": 0.1921762171818821,
  "blocks.7.hook_resid_post": 2.600998014338642,
  "blocks.8.attn.hook_z": 0.13107093171828502,
  "blocks.8.hook_mlp_out": 0.1792608120730916,
  "blocks.8.hook_resid_post": 2.614864440999004,
  "blocks.9.attn.hook_z": 0.12499821310657379,
  "blocks.9.hook_mlp_out": 0.1667460813674994,
  "blocks.9.hook_resid_post": 2.606894986437694,
  "blocks.10.attn.hook_z": 0.1319826726247693,
  "blocks.10.hook_mlp_out": 0.16980747674358262,
  "blocks.10.hook_resid_post": 2.61267852256146,
  "blocks.11.attn.hook_z": 0.1239541557535859,
  "blocks.11.hook_mlp_out": 0.17916895161991817,
  "blocks.11.hook_resid_post": 2.606041863575892,
  "blocks.12.attn.hook_z": 0.11572513500371306,
  "blocks.12.hook_mlp_out": 0.17512305764900113,
  "blocks.12.hook_resid_post": 2.5851240398800206,
  "blocks.13.attn.hook_z": 0.11219694874289554,
  "blocks.13.hook_mlp_out": 0.17332410192412098,
  "blocks.13.hook_resid_post": 2.5839201794425595,
  "blocks.14.attn.hook_z": 0.11140591324471366,
  "blocks.14.hook_mlp_out": 0.1854009275905206,
  "blocks.14.hook_resid_post": 2.566031105925545,
  "blocks.15.attn.hook_z": 0.12151334396066489,
  "blocks.15.hook_mlp_out": 0.19086896925849337,
  "blocks.15.hook_resid_post": 2.5340537566674417,
  "blocks.16.attn.hook_z": 0.0980292560325998,
  "blocks.16.hook_mlp_out": 0.2012159313710222,
  "blocks.16.hook_resid_post": 2.5111462675099925,
  "blocks.17.attn.hook_z": 0.10852003283779305,
  "blocks.17.hook_mlp_out": 0.20092667452858343,
  "blocks.17.hook_resid_post": 2.4775846751997657,
  "blocks.18.attn.hook_z": 0.09237414463778086,
  "blocks.18.hook_mlp_out": 0.20563632206623123,
  "blocks.18.hook_resid_post": 2.45759891518285,
  "blocks.19.attn.hook_z": 0.09768826482547746,
  "blocks.19.hook_mlp_out": 0.21370947280783464,
  "blocks.19.hook_resid_post": 2.409581563329624,
  "blocks.20.attn.hook_z": 0.07573831032587396,
  "blocks.20.hook_mlp_out": 0.2279113408793666,
  "blocks.20.hook_resid_post": 2.3572971567252776,
  "blocks.21.attn.hook_z": 0.12541102266235904,
  "blocks.21.hook_mlp_out": 0.2404069089628294,
  "blocks.21.hook_resid_post": 2.2897594803477546,
  "blocks.22.attn.hook_z": 0.15116188158567004,
  "blocks.22.hook_mlp_out": 1.1846950648635133,
  "blocks.22.hook_resid_post": 1.25618508664385,
  "blocks.23.attn.hook_z": 0.8410291427950515,
  "blocks.23.hook_mlp_out": 0.4012417017501444,
  "blocks.23.hook_resid_post": 2.691649241684268e-07
}