{
  "blocks.0.attn.hook_z": 0.251869521946768,
  "blocks.0.hook_mlp_out": 0.5572909533469023,
  "blocks.0.hook_resid_post": 0.561237709563395,
  "blocks.1.attn.hook_z": 0.1436016747370968,
  "blocks.1.hook_mlp_out": 0.14987786085455745,
  "blocks.1.hook_resid_post": 0.6165802369519909,
  "blocks.2.attn.hook_z": 0.17168156593219383,
  "blocks.2.hook_mlp_out": 0.14918352093521436,
  "blocks.2.hook_resid_post": 0.6290209204993514,
  "blocks.3.attn.hook_z": 0.13052705826421718,
  "blocks.3.hook_mlp_out": 0.1955505532175591,
  "blocks.3.hook_resid_post": 0.6169250711297395,
  "blocks.4.attn.hook_z": 0.10565477466960829,
  "blocks.4.hook_mlp_out": 0.1915182900792646,
  "blocks.4.hook_resid_post": 0.5834759969935037,
  "blocks.5.attn.hook_z": 0.12660567961576408,
  "blocks.5.hook_mlp_out": 0.18523269806675693,
  "blocks.5.hook_resid_post": 0.5604068264599604,
  "blocks.6.attn.hook_z": 0.09837742758840899,
  "blocks.6.hook_mlp_out": 0.2507624968513125,
  "blocks.6.hook_resid_post": 0.5536200273186979,
  "blocks.7.attn.hook_z": 0.1207933862313145,
  "blocks.7.hook_mlp_out": 0.17506999298993278,
  "blocks.7.hook_resid_post": 0.5663087761583165,
  "blocks.8.attn.hook_z": 0.15076479924588473,
  "blocks.8.hook_mlp_out": 0.14562056401279275,
  "blocks.8.hook_resid_post": 0.5284397630787311,
  "blocks.9.attn.hook_z": 0.10956800449053537,
  "blocks.9.hook_mlp_out": 0.16754808819862688,
  "blocks.9.hook_resid_post": 0.5059516988243883,
  "blocks.10.attn.hook_z": 0.11607189682273542,
  "blocks.10.hook_mlp_out": 0.17500952536885744,
  "blocks.10.hook_resid_post": 0.4619346290091116,
  "blocks.11.attn.hook_z": 0.11271449471287437,
  "blocks.11.hook_mlp_out": 0.19662588950884885,
  "blocks.11.hook_resid_post": 0.42618243803972483,
  "blocks.12.attn.hook_z": 0.10467994176816026,
  "blocks.12.hook_mlp_out": 0.15763701171734137,
  "blocks.12.hook_resid_post": 0.4033957456634357,
  "blocks.13.attn.hook_z": 0.1289465685658128,
  "blocks.13.hook_mlp_out": 0.14844089867466012,
  "blocks.13.hook_resid_post": 0.3762613111008806,
  "blocks.14.attn.hook_z": 0.10589702669323746,
  "blocks.14.hook_mlp_out": 0.1861409067170873,
  "blocks.14.hook_resid_post": 0.3533174446409808,
  "blocks.15.attn.hook_z": 0.10216248532106229,
  "blocks.15.hook_mlp_out": 0.1786440719385151,
  "blocks.15.hook_resid_post": 0.3421951856532667,
  "blocks.16.attn.hook_z": 0.0898873183334432,
  "blocks.16.hook_mlp_out": 0.18796318464453574,
  "blocks.16.hook_resid_post": 0.36191855700973274,
  "blocks.17.attn.hook_z": 0.09274676804442503,
  "blocks.17.hook_mlp_out": 0.16149545652883818,
  "blocks.17.hook_resid_post": 0.3079066325018736,
  "blocks.18.attn.hook_z": 0.10024767213285561,
  "blocks.18.hook_mlp_out": 0.1388228164101335,
  "blocks.18.hook_resid_post": 0.27522885477006265,
  "blocks.19.attn.hook_z": 0.09517554534866951,
  "blocks.19.hook_mlp_out": 0.21014930998558487,
  "blocks.19.hook_resid_post": 0.27250547761175087,
  "blocks.20.attn.hook_z": 0.0821029376959841,
  "blocks.20.hook_mlp_out": 0.15355700649463527,
  "blocks.20.hook_resid_post": 0.30374907715550814,
  "blocks.21.attn.hook_z": 0.11739874346540576,
  "blocks.21.hook_mlp_out": 0.1723658046202819,
  "blocks.21.hook_resid_post": 0.22017360928703716,
  "blocks.22.attn.hook_z": 0.09133714669729363,
  "blocks.22.hook_mlp_out": 0.1313085783996943,
  "blocks.22.hook_resid_post": 0.15531863872996834,
  "blocks.23.attn.hook_z": 0.3432200992117489,
  "blocks.23.hook_mlp_out": 0.21954684504213143,
  "blocks.23.hook_resid_post": 1.9795608428186968e-07
}