{
  "blocks.0.attn.hook_z": 2.0731977201648988e-06,
  "blocks.0.hook_mlp_out": 1.2927721400046721e-06,
  "blocks.0.hook_resid_post": 1.2862358289567055e-06,
  "blocks.1.attn.hook_z": 1.5377273143712955e-07,
  "blocks.1.hook_mlp_out": 6.523839601868531e-08,
  "blocks.1.hook_resid_post": 1.1571589766390389e-06,
  "blocks.2.attn.hook_z": 5.107945639792888e-07,
  "blocks.2.hook_mlp_out": 3.4598940601426875e-08,
  "blocks.2.hook_resid_post": 1.0838282378244912e-06,
  "blocks.3.attn.hook_z": 3.468063027867174e-07,
  "blocks.3.hook_mlp_out": 6.548222586388874e-07,
  "blocks.3.hook_resid_post": 8.260756203526398e-07,
  "blocks.4.attn.hook_z": 8.180739996532793e-07,
  "blocks.4.hook_mlp_out": 2.956709579393646e-07,
  "blocks.4.hook_resid_post": 4.7696573801658815e-08,
  "blocks.5.attn.hook_z": 1.6334666952388943e-07,
  "blocks.5.hook_mlp_out": 9.902202435796426e-08,
  "blocks.5.hook_resid_post": 2.98561531053565e-08,
  "blocks.6.attn.hook_z": 2.636155898017023e-07,
  "blocks.6.hook_mlp_out": 9.301651289206347e-07,
  "blocks.6.hook_resid_post": 9.984674989027553e-07,
  "blocks.7.attn.hook_z": 5.444605903903721e-07,
  "blocks.7.hook_mlp_out": 4.114562841550651e-07,
  "blocks.7.hook_resid_post": 6.676935981886345e-07,
  "blocks.8.attn.hook_z": 1.1851295766973635e-06,
  "blocks.8.hook_mlp_out": 7.815968956492725e-07,
  "blocks.8.hook_resid_post": 4.0413760871160775e-07,
  "blocks.9.attn.hook_z": 1.2846898300722387e-07,
  "blocks.9.hook_mlp_out": 9.522393611405278e-07,
  "blocks.9.hook_resid_post": 8.234481470026367e-07,
  "blocks.10.attn.hook_z": 9.026672387335566e-08,
  "blocks.10.hook_mlp_out": 1.2051107205479639e-06,
  "blocks.10.hook_resid_post": 2.1574869606411085e-06,
  "blocks.11.attn.hook_z": 2.301502490809071e-07,
  "blocks.11.hook_mlp_out": 1.1682486729114316e-06,
  "blocks.11.hook_resid_post": 3.251949237892404e-06,
  "blocks.12.attn.hook_z": 3.806873962730606e-07,
  "blocks.12.hook_mlp_out": 8.217361937568057e-07,
  "blocks.12.hook_resid_post": 2.542672973504523e-06,
  "blocks.13.attn.hook_z": 5.539250196306966e-07,
  "blocks.13.hook_mlp_out": 8.989435968942416e-07,
  "blocks.13.hook_resid_post": 3.829196430160664e-06,
  "blocks.14.attn.hook_z": 5.120242576595047e-07,
  "blocks.14.hook_mlp_out": 2.222197281298577e-06,
  "blocks.14.hook_resid_post": 2.0213014977343846e-06,
  "blocks.15.attn.hook_z": 1.7216871128766797e-06,
  "blocks.15.hook_mlp_out": 1.8537133428253583e-07,
  "blocks.15.hook_resid_post": 3.0894234441802837e-06,
  "blocks.16.attn.hook_z": 1.4312897747004172e-06,
  "blocks.16.hook_mlp_out": 1.5981861452019075e-06,
  "blocks.16.hook_resid_post": 1.7017703157762298e-07,
  "blocks.17.attn.hook_z": 5.024530764785595e-07,
  "blocks.17.hook_mlp_out": 5.897244363950449e-07,
  "blocks.17.hook_resid_post": 4.945461569150211e-07,
  "blocks.18.attn.hook_z": 5.735343506785284e-07,
  "blocks.18.hook_mlp_out": 6.156187737360597e-08,
  "blocks.18.hook_resid_post": 1.0462927093612961e-06,
  "blocks.19.attn.hook_z": 2.0892602492494916e-07,
  "blocks.19.hook_mlp_out": 2.4321527689608047e-06,
  "blocks.19.hook_resid_post": 3.7558181702479487e-06,
  "blocks.20.attn.hook_z": 2.02139403882029e-07,
  "blocks.20.hook_mlp_out": 1.423694357072236e-06,
  "blocks.20.hook_resid_post": 2.780134082058794e-06,
  "blocks.21.attn.hook_z": 3.712034981617762e-07,
  "blocks.21.hook_mlp_out": 2.0085587948415196e-06,
  "blocks.21.hook_resid_post": 5.08415814692853e-06,
  "blocks.22.attn.hook_z": 2.2232195533433696e-06,
  "blocks.22.hook_mlp_out": 7.1707954703015275e-06,
  "blocks.22.hook_resid_post": 6.552843387908069e-07,
  "blocks.23.attn.hook_z": 8.00304633230553e-07,
  "blocks.23.hook_mlp_out": 3.0807041184743866e-07,
  "blocks.23.hook_resid_post": 6.366462912410498e-12
}