{
  "blocks.0.attn.hook_z": 0.621614477581655,
  "blocks.0.hook_mlp_out": 0.5046883530914783,
  "blocks.0.hook_resid_post": 0.5157288942175607,
  "blocks.1.attn.hook_z": 0.11515527383890004,
  "blocks.1.hook_mlp_out": 0.12356360161211341,
  "blocks.1.hook_resid_post": 0.5746202947571873,
  "blocks.2.attn.hook_z": 0.10975918554856132,
  "blocks.2.hook_mlp_out": 0.12005442412337289,
  "blocks.2.hook_resid_post": 0.6026303628770013,
  "blocks.3.attn.hook_z": 0.08909858559879164,
  "blocks.3.hook_mlp_out": 0.1086770119999225,
  "blocks.3.hook_resid_post": 0.5922151788137853,
  "blocks.4.attn.hook_z": 0.08209857008575151,
  "blocks.4.hook_mlp_out": 0.127996042650193,
  "blocks.4.hook_resid_post": 0.6343069325822095,
  "blocks.5.attn.hook_z": 0.09472225659216443,
  "blocks.5.hook_mlp_out": 0.12608288583966593,
  "blocks.5.hook_resid_post": 0.6500261552010973,
  "blocks.6.attn.hook_z": 0.06498362152681997,
  "blocks.6.hook_mlp_out": 0.14732914667498942,
  "blocks.6.hook_resid_post": 0.6139170470337073,
  "blocks.7.attn.hook_z": 0.08851413993785778,
  "blocks.7.hook_mlp_out": 0.13285560726653783,
  "blocks.7.hook_resid_post": 0.6168092057108879,
  "blocks.8.attn.hook_z": 0.10459675784222781,
  "blocks.8.hook_mlp_out": 0.1264335391111672,
  "blocks.8.hook_resid_post": 0.6269457964226604,
  "blocks.9.attn.hook_z": 0.07936648516139637,
  "blocks.9.hook_mlp_out": 0.14356191678283114,
  "blocks.9.hook_resid_post": 0.5996874422455828,
  "blocks.10.attn.hook_z": 0.11642968131539723,
  "blocks.10.hook_mlp_out": 0.16610348467559863,
  "blocks.10.hook_resid_post": 0.6420146455367406,
  "blocks.11.attn.hook_z": 0.09365603280408928,
  "blocks.11.hook_mlp_out": 0.15887897761228184,
  "blocks.11.hook_resid_post": 0.6684028032546242,
  "blocks.12.attn.hook_z": 0.1079687575615632,
  "blocks.12.hook_mlp_out": 0.21247255311657984,
  "blocks.12.hook_resid_post": 0.6306147088607152,
  "blocks.13.attn.hook_z": 0.09585834379928808,
  "blocks.13.hook_mlp_out": 0.15114132613719752,
  "blocks.13.hook_resid_post": 0.6314579151570797,
  "blocks.14.attn.hook_z": 0.10266142336186021,
  "blocks.14.hook_mlp_out": 0.2737098664821436,
  "blocks.14.hook_resid_post": 0.5136194061798354,
  "blocks.15.attn.hook_z": 0.10408241267626485,
  "blocks.15.hook_mlp_out": 0.16061587855219842,
  "blocks.15.hook_resid_post": 0.426039705487589,
  "blocks.16.attn.hook_z": 0.127228179667145,
  "blocks.16.hook_mlp_out": 0.1644228289059053,
  "blocks.16.hook_resid_post": 0.3870939839631319,
  "blocks.17.attn.hook_z": 0.08198146185992906,
  "blocks.17.hook_mlp_out": 0.1582819215642909,
  "blocks.17.hook_resid_post": 0.4027599840114514,
  "blocks.18.attn.hook_z": 0.12915652457935115,
  "blocks.18.hook_mlp_out": 0.15416223148349673,
  "blocks.18.hook_resid_post": 0.3403294442221522,
  "blocks.19.attn.hook_z": 0.13200022624805569,
  "blocks.19.hook_mlp_out": 0.33017474537870534,
  "blocks.19.hook_resid_post": 0.30363730564713476,
  "blocks.20.attn.hook_z": 0.04867088401224464,
  "blocks.20.hook_mlp_out": 0.19910292699933052,
  "blocks.20.hook_resid_post": 0.3291946983585755,
  "blocks.21.attn.hook_z": 0.07745212472509592,
  "blocks.21.hook_mlp_out": 0.2607561302759374,
  "blocks.21.hook_resid_post": 0.33488529417663815,
  "blocks.22.attn.hook_z": 0.1148158621819069,
  "blocks.22.hook_mlp_out": 0.3431635552085936,
  "blocks.22.hook_resid_post": 0.2045673328762253,
  "blocks.23.attn.hook_z": 0.22029522691542905,
  "blocks.23.hook_mlp_out": 0.21057850567934414,
  "blocks.23.hook_resid_post": 1.9532938798268635e-07
}