{
  "0_0": -0.00566232827087866,
  "0_1": -0.003285432926043939,
  "0_2": 0.07586632336419985,
  "0_3": -0.0024930844392984795,
  "0_4": -0.010679125446200031,
  "0_5": 0.0015563602574304072,
  "0_6": -0.019490033699463123,
  "0_7": -0.0027116569924784746,
  "0_8": 0.022142510128836345,
  "0_9": 0.012232659322696987,
  "0_10": 0.005113016845833542,
  "0_11": 0.015110403497447768,
  "0_12": -0.0017160305157233055,
  "0_13": -0.005142611542545039,
  "0_14": -0.001026756516662192,
  "0_15": -0.0031003816175324966,
  "1_0": 0.002177034687792134,
  "1_1": 0.022514024691024738,
  "1_2": -0.002542494595447044,
  "1_3": -0.0039014080424367645,
  "1_4": -0.0065677507876897015,
  "1_5": -0.005581134404891577,
  "1_6": -0.005743139716181887,
  "1_7": -0.016568570168722502,
  "1_8": -0.001464202533080707,
  "1_9": -0.0015443093643116024,
  "1_10": 0.001212905501594797,
  "1_11": 0.013976809645650054,
  "1_12": -0.0022378307462078213,
  "1_13": 0.0004281723714395579,
  "1_14": -0.0025632564838115987,
  "1_15": -0.00517689219453962,
  "2_0": -0.018481627262329218,
  "2_1": 0.007805163364464741,
  "2_2": 0.000974485790401216,
  "2_3": -0.005662941638334298,
  "2_4": 0.007628927430083156,
  "2_5": -0.005910577031395487,
  "2_6": 0.013873324208562984,
  "2_7": 0.004805609937633431,
  "2_8": -0.0020066758959155252,
  "2_9": 0.00010704654574054598,
  "2_10": 0.004308425915999743,
  "2_11": -0.0010962015316810137,
  "2_12": -0.035065531617442657,
  "2_13": 0.004746867946976157,
  "2_14": -0.008720467459668688,
  "2_15": 0.004414192971340951,
  "3_0": -0.004144056343737944,
  "3_1": 0.025963194123473716,
  "3_2": -0.0075172585526309685,
  "3_3": 0.005263540253453558,
  "3_4": 0.0067478242875956855,
  "3_5": -0.016894958637378835,
  "3_6": -0.005864843683704692,
  "3_7": 0.0022180084942186435,
  "3_8": -0.0007678393737995839,
  "3_9": 0.006572698709065871,
  "3_10": 0.00524095162140791,
  "3_11": -0.01136597382490225,
  "3_12": 0.005150794303654945,
  "3_13": 0.004598476721463833,
  "3_14": 0.004197575993913757,
  "3_15": -0.0030550392944248992,
  "4_0": -5.7604691015462705e-05,
  "4_1": 0.007058489583043517,
  "4_2": -0.0006235836804309348,
  "4_3": -0.0015907731377727513,
  "4_4": -0.002022966020806902,
  "4_5": 0.0016490641029698442,
  "4_6": -0.0005342009400370454,
  "4_7": -0.00015029427219546645,
  "4_8": -0.005305682152424783,
  "4_9": 0.0036346364451496234,
  "4_10": -0.004621695475926993,
  "4_11": -0.001522268438384517,
  "4_12": 0.002046291191919803,
  "4_13": 0.001177233055672641,
  "4_14": 0.002394253032499569,
  "4_15": 0.010375060926475416,
  "5_0": 1.9713571155399566e-05,
  "5_1": 0.0012775970886462322,
  "5_2": 0.0004241029534697646,
  "5_3": -0.00017798456371339978,
  "5_4": 0.0009213782217201458,
  "5_5": 0.002838127973072889,
  "5_6": 0.0005562638285492899,
  "5_7": 0.0013238086320056534,
  "5_8": -0.006299444979299055,
  "5_9": -0.004744483534766738,
  "5_10": 0.0046659650286378345,
  "5_11": 0.0035841908776409154,
  "5_12": -0.00034362728665923345,
  "5_13": 0.0008556362796939223,
  "5_14": 0.00160541221966431,
  "5_15": 0.003559444251789553,
  "6_0": -0.0004926465968234361,
  "6_1": -0.009333649931470213,
  "6_2": -0.0011884104265899513,
  "6_3": 0.004640569940478261,
  "6_4": -0.0015956338880634942,
  "6_5": -0.0028465102087964584,
  "6_6": 0.0018846775844679033,
  "6_7": 0.000306874598533,
  "6_8": 0.005043692964660703,
  "6_9": 0.0013611778574451761,
  "6_10": 0.0021712397351677033,
  "6_11": -0.0006312092258493219,
  "6_12": 0.004179725846220852,
  "6_13": -0.0037110313730701764,
  "6_14": -0.003873310650628969,
  "6_15": -0.001066400341385337,
  "7_0": 0.0010769668354494507,
  "7_1": 0.004246952187301766,
  "7_2": -0.01792390620493368,
  "7_3": 0.0014617766863034096,
  "7_4": -0.001637500462255813,
  "7_5": -0.0034628795196301352,
  "7_6": 0.000169439533157566,
  "7_7": -0.0006743663849427603,
  "7_8": 0.00221288555141641,
  "7_9": -0.0029995221810915984,
  "7_10": 0.00018609849362857887,
  "7_11": 0.0020875434929828697,
  "7_12": 0.003095392261588449,
  "7_13": -0.002036003871747458,
  "7_14": 0.00240203956140299,
  "7_15": -5.558186899676056e-05,
  "8_0": -0.0010111796097424862,
  "8_1": -0.0033615715483314972,
  "8_2": -0.004495969411880769,
  "8_3": 0.0065288346717160654,
  "8_4": -0.003150003248470122,
  "8_5": -0.0001507405428691694,
  "8_6": 0.0082281172445357,
  "8_7": -0.003657329229660976,
  "8_8": 0.016907158966644083,
  "8_9": 0.006241814023748762,
  "8_10": -0.0005072342817373538,
  "8_11": -0.0019899413116976745,
  "8_12": 0.008009116986991107,
  "8_13": 0.0004087024264865451,
  "8_14": -0.0004977344447730953,
  "8_15": -0.00269034083186165,
  "9_0": -0.009917404803342177,
  "9_1": 0.014101349503679266,
  "9_2": -0.0013954868117402196,
  "9_3": 0.003343096938681172,
  "9_4": 0.0013112272405669673,
  "9_5": -0.0030175348971983647,
  "9_6": 0.0027957841088855594,
  "9_7": 0.006325416075877654,
  "9_8": -0.005427028605288137,
  "9_9": 0.003809344960979813,
  "9_10": -0.008758838812963009,
  "9_11": 0.002804794655679411,
  "9_12": 0.00839545538848848,
  "9_13": -0.005524751694000911,
  "9_14": 0.0014399230083961885,
  "9_15": 0.006091473109362132,
  "10_0": -0.0016967559698526902,
  "10_1": 0.00613866889352246,
  "10_2": -0.0020067415572525994,
  "10_3": -0.002183198928833008,
  "10_4": 0.008224141110948234,
  "10_5": 0.0037744165259322323,
  "10_6": -0.001494398144235638,
  "10_7": 0.013729993887210277,
  "10_8": -0.002314331637941308,
  "10_9": -0.0009276900875602352,
  "10_10": -0.005102394652842117,
  "10_11": -0.0008607680528139004,
  "10_12": 0.007804465316526118,
  "10_13": 0.00095006158435673,
  "10_14": 0.0003889951950464493,
  "10_15": 0.0014045471705828863,
  "11_0": -0.004918077392795487,
  "11_1": 0.003965363996094561,
  "11_2": 0.0027010411392023536,
  "11_3": -0.002953500602772886,
  "11_4": 0.0026814880986951806,
  "11_5": -0.00046534234868382004,
  "11_6": 0.006197889985521974,
  "11_7": 0.0033725483125431246,
  "11_8": 0.009566018157987966,
  "11_9": -0.00336395618695932,
  "11_10": -0.0009687408762440043,
  "11_11": 0.0017298517743406811,
  "11_12": -0.0016660558984943038,
  "11_13": 0.0012860954770109027,
  "11_14": 0.00039815880068120566,
  "11_15": 0.011844387308031971,
  "12_0": 0.003275288249465928,
  "12_1": 0.00036959815681942963,
  "12_2": 0.0018466386133902206,
  "12_3": 0.002337237482170547,
  "12_4": 0.0006495699470425829,
  "12_5": -0.0008938353285830246,
  "12_6": -0.01476270611356353,
  "12_7": -0.0010922466814234952,
  "12_8": -0.001640802095418642,
  "12_9": -0.0006072917441923281,
  "12_10": 0.02245021228663489,
  "12_11": -0.00024069566898762558,
  "12_12": 0.0012298773722997304,
  "12_13": -0.0004028771337960181,
  "12_14": 0.0075318136332947535,
  "12_15": 0.00047973871004660697,
  "13_0": -0.004470345188296645,
  "13_1": -0.002150269089034933,
  "13_2": 0.002015441910833375,
  "13_3": 0.006284274719832403,
  "13_4": -0.010810987222568262,
  "13_5": 0.00419697666439915,
  "13_6": 0.0013863508291507153,
  "13_7": 0.008850367546987217,
  "13_8": 0.013611930954037454,
  "13_9": 0.0013970477402153632,
  "13_10": -0.0023133043776436975,
  "13_11": 0.0029747354791827803,
  "13_12": -0.0030225140643142454,
  "13_13": -0.0031811344204691625,
  "13_14": 0.005740148955487344,
  "13_15": 0.0011837566227201949,
  "14_0": -0.01083898770729927,
  "14_1": -0.0037309899289383846,
  "14_2": 0.004330789940988916,
  "14_3": 0.002501261539948292,
  "14_4": 0.0013735973597252132,
  "14_5": 0.003302018526952151,
  "14_6": 0.003580947660426242,
  "14_7": 0.003374591059381353,
  "14_8": 0.0020254074904540553,
  "14_9": -0.002025813005815091,
  "14_10": 0.003566629866249541,
  "14_11": 0.001179812187709247,
  "14_12": 0.0006543564320969106,
  "14_13": 0.010001419163384215,
  "14_14": 0.0021636257370879057,
  "14_15": -0.002891902796789678,
  "15_0": 0.008672460871204692,
  "15_1": -0.020644473893689973,
  "15_2": 0.0007632140986486944,
  "15_3": 0.003993490822294839,
  "15_4": 0.0014760657253428402,