{
  "0_0": 0.2755453586578369,
  "0_1": 0.19019651412963867,
  "0_2": 1.242978572845459,
  "0_3": 0.1044764518737793,
  "0_4": 0.5330734252929688,
  "0_5": -0.003791332244873047,
  "0_6": 0.08856678009033203,
  "0_7": 0.4506816864013672,
  "0_8": -0.036568641662597656,
  "0_9": 0.07693099975585938,
  "0_10": -0.14441323280334473,
  "0_11": 0.15444540977478027,
  "0_12": 0.11080193519592285,
  "0_13": 0.12800145149230957,
  "0_14": -0.16332650184631348,
  "0_15": -0.0008001327514648438,
  "1_0": 0.045371055603027344,
  "1_1": -0.07158422470092773,
  "1_2": 0.0024666786193847656,
  "1_3": -0.030098915100097656,
  "1_4": 0.06402873992919922,
  "1_5": 0.005475521087646484,
  "1_6": 0.02415180206298828,
  "1_7": -0.05429506301879883,
  "1_8": 0.16762590408325195,
  "1_9": -0.03485751152038574,
  "1_10": -0.02962327003479004,
  "1_11": 0.01612091064453125,
  "1_12": -0.0763545036315918,
  "1_13": -0.13145828247070312,
  "1_14": 0.11316680908203125,
  "1_15": 0.09899091720581055,
  "2_0": -0.15653753280639648,
  "2_1": -0.009351253509521484,
  "2_2": -0.018071651458740234,
  "2_3": -0.017052650451660156,
  "2_4": 0.04968667030334473,
  "2_5": 0.04314994812011719,
  "2_6": -0.03384733200073242,
  "2_7": -0.14327740669250488,
  "2_8": -0.1221466064453125,
  "2_9": 0.03494405746459961,
  "2_10": 0.053375244140625,
  "2_11": 0.010080814361572266,
  "2_12": 0.45262765884399414,
  "2_13": -0.03873491287231445,
  "2_14": -0.01709914207458496,
  "2_15": 0.09813356399536133,
  "3_0": 0.028380870819091797,
  "3_1": -0.0759422779083252,
  "3_2": -0.033022403717041016,
  "3_3": 0.015263795852661133,
  "3_4": 0.08582162857055664,
  "3_5": -0.027251005172729492,
  "3_6": -0.028105735778808594,
  "3_7": 0.029828548431396484,
  "3_8": -0.02251577377319336,
  "3_9": -0.15368294715881348,
  "3_10": 0.0706331729888916,
  "3_11": 0.016710758209228516,
  "3_12": 0.05343365669250488,
  "3_13": 0.1307663917541504,
  "3_14": 0.017755985260009766,
  "3_15": -0.07714581489562988,
  "4_0": 0.01852273941040039,
  "4_1": -0.01735234260559082,
  "4_2": -0.037513017654418945,
  "4_3": -0.10200333595275879,
  "4_4": 0.051348209381103516,
  "4_5": 0.05265474319458008,
  "4_6": -0.005789279937744141,
  "4_7": -0.0025920867919921875,
  "4_8": 0.006694793701171875,
  "4_9": -0.02048945426940918,
  "4_10": -0.003631114959716797,
  "4_11": 0.10518836975097656,
  "4_12": 0.18152570724487305,
  "4_13": 0.016552209854125977,
  "4_14": 0.0020132064819335938,
  "4_15": -0.03825879096984863,
  "5_0": -0.0178525447845459,
  "5_1": 0.07939982414245605,
  "5_2": 0.007302761077880859,
  "5_3": -0.02475261688232422,
  "5_4": 0.035727500915527344,
  "5_5": 0.05689096450805664,
  "5_6": -0.052327632904052734,
  "5_7": -0.028926849365234375,
  "5_8": -0.07233428955078125,
  "5_9": 0.017956018447875977,
  "5_10": -0.05615639686584473,
  "5_11": -0.10268592834472656,
  "5_12": -0.03561997413635254,
  "5_13": 0.09702014923095703,
  "5_14": 0.007691860198974609,
  "5_15": 0.005397796630859375,
  "6_0": -0.060871124267578125,
  "6_1": -0.10246467590332031,
  "6_2": -0.007975578308105469,
  "6_3": -0.024851083755493164,
  "6_4": -0.20110845565795898,
  "6_5": 0.006740093231201172,
  "6_6": 0.014279603958129883,
  "6_7": -0.06598567962646484,
  "6_8": -0.026090383529663086,
  "6_9": 0.05720829963684082,
  "6_10": 0.05312824249267578,
  "6_11": 0.07236766815185547,
  "6_12": 0.0009906291961669922,
  "6_13": -0.005375385284423828,
  "6_14": -0.052109479904174805,
  "6_15": -0.14567232131958008,
  "7_0": -0.03256392478942871,
  "7_1": 0.014737606048583984,
  "7_2": -0.5199739933013916,
  "7_3": 0.0613713264465332,
  "7_4": -0.03720378875732422,
  "7_5": -0.036586761474609375,
  "7_6": -0.14844703674316406,
  "7_7": -0.011246204376220703,
  "7_8": -0.04395151138305664,
  "7_9": 0.008460283279418945,
  "7_10": -0.025902509689331055,
  "7_11": 0.048902273178100586,
  "7_12": -0.007986307144165039,
  "7_13": -0.0943002700805664,
  "7_14": -0.06536531448364258,
  "7_15": 0.10072183609008789,
  "8_0": 0.09039783477783203,
  "8_1": -0.14064264297485352,
  "8_2": 0.035848379135131836,
  "8_3": 0.0012273788452148438,
  "8_4": 0.012629508972167969,
  "8_5": -0.07297706604003906,
  "8_6": -0.09307479858398438,
  "8_7": -0.06970834732055664,
  "8_8": -0.11399245262145996,
  "8_9": 0.06113243103027344,
  "8_10": -0.08481168746948242,
  "8_11": -0.005483150482177734,
  "8_12": -0.09516119956970215,
  "8_13": 0.06305360794067383,
  "8_14": 0.019152164459228516,
  "8_15": 0.1486797332763672,
  "9_0": 0.007418155670166016,
  "9_1": 0.035370826721191406,
  "9_2": -0.03746652603149414,
  "9_3": -0.14826107025146484,
  "9_4": 0.0016193389892578125,
  "9_5": 0.006931304931640625,
  "9_6": -0.03304553031921387,
  "9_7": -0.27974557876586914,
  "9_8": -0.0973978042602539,
  "9_9": 0.020964384078979492,
  "9_10": -0.31424427032470703,
  "9_11": 0.014902591705322266,
  "9_12": -0.046332597732543945,
  "9_13": 0.14270639419555664,
  "9_14": 0.08694171905517578,
  "9_15": -0.056803226470947266,
  "10_0": -0.11142373085021973,
  "10_1": -0.015521526336669922,
  "10_2": 0.13724422454833984,
  "10_3": -0.17876434326171875,
  "10_4": 0.14795684814453125,
  "10_5": -0.018507003784179688,
  "10_6": 0.07585430145263672,
  "10_7": -0.15659284591674805,
  "10_8": -0.21069812774658203,
  "10_9": -0.05046224594116211,
  "10_10": -0.09631896018981934,
  "10_11": -0.03256988525390625,
  "10_12": 0.0001239776611328125,
  "10_13": 0.004381895065307617,
  "10_14": -0.050737857818603516,
  "10_15": 0.022617578506469727,
  "11_0": 0.011841535568237305,
  "11_1": -0.2018146514892578,
  "11_2": -0.029036521911621094,
  "11_3": -0.20480847358703613,
  "11_4": -0.16530704498291016,
  "11_5": 0.011714458465576172,
  "11_6": -0.0500950813293457,
  "11_7": -0.18196725845336914,
  "11_8": -0.00805807113647461,
  "11_9": -0.04860258102416992,
  "11_10": -0.10831212997436523,
  "11_11": 0.022735595703125,
  "11_12": 0.03794240951538086,
  "11_13": 0.04967498779296875,
  "11_14": 0.03161787986755371,
  "11_15": -0.024074077606201172,
  "12_0": -0.02890300750732422,
  "12_1": -0.05250978469848633,
  "12_2": 0.0539097785949707,
  "12_3": -0.022372007369995117,
  "12_4": -0.12444639205932617,
  "12_5": -0.011587858200073242,
  "12_6": -0.0458223819732666,
  "12_7": -0.016257762908935547,
  "12_8": -0.005233049392700195,
  "12_9": 0.01935601234436035,
  "12_10": 0.025399208068847656,
  "12_11": -0.0232391357421875,
  "12_12": 0.008736133575439453,
  "12_13": -0.14934110641479492,
  "12_14": -0.020014524459838867,
  "12_15": 0.0051305294036865234,
  "13_0": -0.04162240028381348,
  "13_1": -0.0049440860748291016,
  "13_2": -0.0017313957214355469,
  "13_3": 0.031951904296875,
  "13_4": -0.005524158477783203,
  "13_5": 0.07871723175048828,
  "13_6": -0.06923437118530273,
  "13_7": -0.18739652633666992,
  "13_8": -0.00833272933959961,
  "13_9": -0.033742427825927734,
  "13_10": -0.021066665649414062,
  "13_11": -0.015393733978271484,
  "13_12": 0.09448671340942383,
  "13_13": -0.12156534194946289,
  "13_14": -0.0010836124420166016,
  "13_15": -0.019777297973632812,
  "14_0": 0.007945060729980469,
  "14_1": -0.022521018981933594,
  "14_2": 0.13910603523254395,
  "14_3": -0.02090930938720703,
  "14_4": 0.0033426284790039062,
  "14_5": -0.1032867431640625,
  "14_6": -0.05410933494567871,
  "14_7": -0.026912927627563477,
  "14_8": 0.012861967086791992,
  "14_9": -0.007128238677978516,
  "14_10": -0.02479267120361328,
  "14_11": 0.016469955444335938,
  "14_12": -0.026921749114990234,
  "14_13": -0.021100282669067383,
  "14_14": 0.00010967254638671875,
  "14_15": 0.021602153778076172,
  "15_0": -0.005034446716308594,
  "15_1": -0.006231784820556641,
  "15_2": -0.05107688903808594,
  "15_3": -0.03085947036743164,
  "15_4": 0.01901531219482422,
  "15_5": -0.0077304840087890625,
  "15_6": 0.05887413024902344,
  "15_7": 0.017142295837402344,
  "15_8": -0.013851165771484375,
  "15_9": -0.008161544799804688,
  "15_10": 0.004737377166748047,
  "15_11": -0.03561687469482422,