{
  "0_0": 6.731397661496885e-10,
  "0_1": -7.367418675130466e-08,
  "0_2": -6.945655286472174e-07,
  "0_3": -3.7389099816209637e-08,
  "0_4": -5.449535933621519e-07,
  "0_5": -5.7608872339187656e-08,
  "0_6": -1.1054510196117917e-07,
  "0_7": -4.633027401723666e-07,
  "0_8": -6.815332653786754e-08,
  "0_9": 3.94437620343524e-08,
  "0_10": -1.2308044006204e-07,
  "0_11": -3.4433480777806835e-07,
  "0_12": 5.2189079724485055e-09,
  "0_13": -8.985705335362582e-08,
  "0_14": 3.338016085763229e-08,
  "0_15": -3.81872951038531e-08,
  "1_0": 4.4708144741889555e-08,
  "1_1": 5.855554263689555e-08,
  "1_2": -4.604851255862741e-08,
  "1_3": 6.349216619128129e-08,
  "1_4": -1.7111347005993593e-08,
  "1_5": 8.302777132485062e-08,
  "1_6": 7.178005034802482e-08,
  "1_7": -3.878380994137842e-08,
  "1_8": -6.50201172902598e-08,
  "1_9": 6.984600986470468e-08,
  "1_10": 5.1678966883628163e-08,
  "1_11": 7.306550742214313e-08,
  "1_12": -1.964724560821196e-07,
  "1_13": 1.7354079773213016e-07,
  "1_14": 1.802857241273159e-08,
  "1_15": -4.573269052343676e-08,
  "2_0": 1.9394695982555277e-06,
  "2_1": 7.581752470287029e-08,
  "2_2": 2.1013556761317886e-07,
  "2_3": -2.11442738873302e-08,
  "2_4": -4.897924554825295e-08,
  "2_5": -1.7826721432356862e-07,
  "2_6": -3.4624349609657656e-08,
  "2_7": 1.4784222912567202e-07,
  "2_8": -1.7838920030044392e-07,
  "2_9": -1.3064425274933456e-07,
  "2_10": 1.8155640191253042e-07,
  "2_11": -1.1130850907647982e-08,
  "2_12": 2.2284427814156516e-07,
  "2_13": 4.6523155106115155e-08,
  "2_14": -1.350502998320735e-07,
  "2_15": -1.4047407148609636e-07,
  "3_0": 1.3830913303536363e-08,
  "3_1": 2.296837919857353e-08,
  "3_2": 2.9974899007356726e-08,
  "3_3": 9.6646317615523e-08,
  "3_4": -7.196786100394093e-08,
  "3_5": 1.8967590449392446e-06,
  "3_6": 2.345097982470179e-08,
  "3_7": 4.017579158244189e-08,
  "3_8": 9.838572623266373e-09,
  "3_9": 3.31968749378575e-07,
  "3_10": -2.595959358586697e-08,
  "3_11": -8.375729976251023e-08,
  "3_12": -9.255586519429926e-09,
  "3_13": -1.3529495390685042e-07,
  "3_14": -2.0215793483657762e-08,
  "3_15": -8.805159268376883e-09,
  "4_0": -1.5857835933275055e-08,
  "4_1": 1.7636125448916573e-08,
  "4_2": -1.0473399925103877e-08,
  "4_3": 3.940544957004022e-08,
  "4_4": 2.7341570785210934e-08,
  "4_5": -2.948479504993884e-08,
  "4_6": 2.2613448891206644e-09,
  "4_7": -1.1141082723042928e-08,
  "4_8": -1.4202441889210604e-08,
  "4_9": -3.4007143767667e-08,
  "4_10": 9.068048711924348e-08,
  "4_11": 2.3955976757861208e-08,
  "4_12": -1.9740923562494572e-08,
  "4_13": -3.7716176848334726e-08,
  "4_14": 4.065100256411824e-09,
  "4_15": 3.28574287777883e-08,
  "5_0": -6.120694706623908e-08,
  "5_1": 6.411823960661422e-08,
  "5_2": -6.948766895220615e-09,
  "5_3": -5.1212623475294095e-08,
  "5_4": -3.700165507325437e-09,
  "5_5": -1.5885348148003686e-08,
  "5_6": 6.477739589172415e-08,
  "5_7": -3.766422196349595e-08,
  "5_8": 9.084988050744869e-08,
  "5_9": -3.5379002838453744e-08,
  "5_10": -1.4367742551257834e-09,
  "5_11": -5.4572524277318735e-08,
  "5_12": -1.5306454770325217e-08,
  "5_13": 1.0864562227652641e-07,
  "5_14": 1.3246221897134092e-08,
  "5_15": 4.232708761264803e-08,
  "6_0": -4.042135515192058e-09,
  "6_1": 6.731658004355268e-07,
  "6_2": 3.170919171679998e-08,
  "6_3": -3.0781734494667035e-08,
  "6_4": -5.585661710938439e-09,
  "6_5": -6.154300535854418e-08,
  "6_6": 5.436629635369172e-08,
  "6_7": 1.2158011486462783e-08,
  "6_8": 2.7970372684649192e-08,
  "6_9": 4.401533715281403e-08,
  "6_10": -4.107050699531101e-08,
  "6_11": 1.8725131667451933e-08,
  "6_12": -1.8663854461919982e-08,
  "6_13": -1.4025431482878048e-08,
  "6_14": 1.7395109352946747e-08,
  "6_15": 2.4510086404916365e-07,
  "7_0": 1.0262294836138608e-07,
  "7_1": -8.134827567118919e-08,
  "7_2": 4.946715534970281e-07,
  "7_3": -3.4055005926347803e-08,
  "7_4": 1.166635001936811e-07,
  "7_5": -4.298851763451239e-08,
  "7_6": -1.194041487906361e-08,
  "7_7": -4.35281890531769e-08,
  "7_8": -3.5037260204262566e-08,
  "7_9": -1.8133619050786365e-08,
  "7_10": 9.648260856920388e-09,
  "7_11": 2.5997451302828267e-08,
  "7_12": 4.3637328417389654e-08,
  "7_13": -2.9696138881263323e-09,
  "7_14": -8.243944193964126e-08,
  "7_15": -7.938672297314042e-08,
  "8_0": 2.7789724299509544e-08,
  "8_1": 1.566320406709565e-08,
  "8_2": -1.1219412954233121e-08,
  "8_3": -1.5734144653833937e-08,
  "8_4": 1.14599174594332e-07,
  "8_5": 2.4045220925472677e-08,
  "8_6": 6.794687124056509e-08,
  "8_7": -2.774868335109204e-08,
  "8_8": 5.466836228151806e-08,
  "8_9": -2.727381342992885e-08,
  "8_10": -6.236655281099956e-08,
  "8_11": 1.9814365259662736e-08,
  "8_12": 1.3932901765656425e-07,
  "8_13": -7.528876722062705e-08,
  "8_14": -1.8127559542335803e-07,
  "8_15": -4.361334049463039e-08,
  "9_0": 1.973465941773611e-07,
  "9_1": 1.9285005237179575e-07,
  "9_2": 1.4995407582318876e-08,
  "9_3": 2.5874896891764365e-08,
  "9_4": -5.343338216334814e-08,
  "9_5": 8.544532192900078e-08,
  "9_6": -3.4602521736815106e-08,
  "9_7": -3.0357568903127685e-08,
  "9_8": -4.3152681428182404e-08,
  "9_9": 3.1358013075077906e-08,
  "9_10": 2.18195737033966e-08,
  "9_11": 4.457422164705349e-08,
  "9_12": -6.802224561397452e-09,
  "9_13": 6.606001079489943e-08,
  "9_14": 1.5824161891941912e-07,
  "9_15": 5.0544258556328714e-08,
  "10_0": 1.3169142221158836e-08,
  "10_1": -1.3328076420293655e-08,
  "10_2": -3.50679556504474e-08,
  "10_3": -2.3568759388581384e-07,
  "10_4": -1.3708756796404487e-07,
  "10_5": 3.359730271768058e-08,
  "10_6": -8.169797638402088e-08,
  "10_7": -1.941020855156239e-08,
  "10_8": 4.083017302036751e-08,
  "10_9": 1.1096597063442459e-07,
  "10_10": 6.161440069263335e-08,
  "10_11": 2.848337317118421e-07,
  "10_12": 2.7591909201873932e-08,
  "10_13": -2.5767803890630603e-08,
  "10_14": 6.22704874331248e-08,
  "10_15": 5.495064669958083e-08,
  "11_0": -7.721280326222768e-08,
  "11_1": 5.195261110202409e-08,
  "11_2": -5.9143872022104915e-08,
  "11_3": -1.0404619388282299e-08,
  "11_4": -2.4923565433709882e-09,
  "11_5": 6.078482783777872e-08,
  "11_6": -3.443597051955294e-08,
  "11_7": 9.433972536498914e-08,
  "11_8": -5.944116310274694e-09,
  "11_9": 2.48786363954423e-07,
  "11_10": 5.05405068906839e-08,
  "11_11": -6.464574653364252e-08,
  "11_12": -8.330619039043086e-08,
  "11_13": 2.5837391604000004e-07,
  "11_14": -5.747074283135589e-08,
  "11_15": 6.90014303472708e-08,
  "12_0": -5.4448037190013565e-09,
  "12_1": 5.7757233662414365e-08,
  "12_2": 2.3172731289378135e-07,
  "12_3": 1.3086389571981272e-07,
  "12_4": 6.212303560459986e-08,
  "12_5": 1.1566498869797215e-07,
  "12_6": 9.216353191732196e-08,
  "12_7": 2.570188826211961e-07,
  "12_8": 3.927891611965606e-08,
  "12_9": -1.1330428151268279e-07,
  "12_10": -1.0714700238168007e-07,
  "12_11": -6.153186404844746e-08,
  "12_12": -5.2661903282569256e-08,
  "12_13": -2.468630100338487e-08,
  "12_14": 1.901184987218585e-09,
  "12_15": -7.106200428097509e-08,
  "13_0": -4.858975444221869e-10,
  "13_1": -2.2512210762215545e-07,
  "13_2": 6.88736463416717e-08,
  "13_3": 7.032178928056965e-08,
  "13_4": 2.021610043811961e-07,
  "13_5": 1.0703172392823035e-07,
  "13_6": -1.7995148482441436e-08,
  "13_7": -5.147512638359331e-09,
  "13_8": -3.17066906063701e-08,
  "13_9": -1.0941676009679213e-08,
  "13_10": 2.075319116556784e-08,
  "13_11": 9.308803328167414e-08,
  "13_12": 3.645311608124757e-08,
  "13_13": -8.649010396766244e-08,
  "13_14": 3.8688426684529986e-08,
  "13_15": 1.3703925105801318e-08,
  "14_0": 1.668342974880943e-08,
  "14_1": 6.884874892421067e-09,
  "14_2": 4.2580722947604954e-08,
  "14_3": 5.7480065152049065e-08,
  "14_4": 3.365300926816417e-08,
  "14_5": -1.3361614037421532e-09,
  "14_6": 1.793825958884554e-07,
  "14_7": -2.7167743610334583e-09,
  "14_8": -2.1535015548579395e-08,
  "14_9": 7.732410267635714e-09,
  "14_10": -1.2552050066005904e-08,
  "14_11": 1.8218088371213526e-08,
  "14_12": -6.04360366196488e-08,
  "14_13": 4.206845005683135e-08,