{
  "0_0": 0.017142736911773683,
  "0_1": 0.020652151107788085,
  "0_2": 0.5000798583030701,
  "0_3": 0.030555232365926107,
  "0_4": 0.05874922275543213,
  "0_5": -0.008128861586252848,
  "0_6": 0.025459551811218263,
  "0_7": 0.09102011521657308,
  "0_8": 0.05721717675526937,
  "0_9": 0.06756476163864136,
  "0_10": -0.0651319146156311,
  "0_11": 0.20575974384943643,
  "0_12": 0.021450984477996825,
  "0_13": 0.02460055351257324,
  "0_14": -0.019457018375396727,
  "0_15": 0.0030690511067708332,
  "1_0": 0.0018224279085795084,
  "1_1": -0.05423331260681152,
  "1_2": -0.010386765003204346,
  "1_3": 0.004697259267171224,
  "1_4": 0.0017615755399068196,
  "1_5": 0.038716975847880045,
  "1_6": 0.017921046415964762,
  "1_7": 0.028958714008331297,
  "1_8": 0.01249849001566569,
  "1_9": 0.0021834413210550943,
  "1_10": 0.01987975835800171,
  "1_11": 0.027084596951802573,
  "1_12": -0.003416001796722412,
  "1_13": -0.04298785924911499,
  "1_14": 0.013183144728342693,
  "1_15": 0.01988435983657837,
  "2_0": 0.13660281896591187,
  "2_1": 0.008718411127726236,
  "2_2": -0.0010132869084676108,
  "2_3": 0.018652053674062093,
  "2_4": 0.004547929763793946,
  "2_5": 0.005135186513264974,
  "2_6": -0.03544101317723592,
  "2_7": -0.004686705271402995,
  "2_8": -0.024439771970113117,
  "2_9": -0.033007832368214925,
  "2_10": 0.0001306017239888509,
  "2_11": 0.002969364325205485,
  "2_12": 0.06283054351806641,
  "2_13": -0.0014075954755147298,
  "2_14": 0.011539955933888754,
  "2_15": -0.001801443099975586,
  "3_0": 0.0026705702145894366,
  "3_1": -0.029816710948944093,
  "3_2": 0.03210800886154175,
  "3_3": -0.01123580535252889,
  "3_4": -0.0031466086705525718,
  "3_5": 0.03224595387776693,
  "3_6": 0.0036173343658447267,
  "3_7": 0.005907305081685384,
  "3_8": 0.032429238160451256,
  "3_9": 0.004890966415405274,
  "3_10": -0.023498058319091797,
  "3_11": 0.032630324363708496,
  "3_12": -0.015275609493255616,
  "3_13": -0.029296072324117024,
  "3_14": 6.814797719319661e-05,
  "3_15": 0.0018292943636576335,
  "4_0": 0.002015074094136556,
  "4_1": -0.0053969581921895346,
  "4_2": -0.0064912835756937666,
  "4_3": -0.005984942118326823,
  "4_4": 0.018488478660583497,
  "4_5": 0.00514992872873942,
  "4_6": 0.0007192532221476237,
  "4_7": 0.010054993629455566,
  "4_8": -0.0048138181368509924,
  "4_9": 0.0031923651695251465,
  "4_10": 0.006477542718251546,
  "4_11": 0.0028793891270955402,
  "4_12": -0.026676595211029053,
  "4_13": -0.0015835007031758626,
  "4_14": 0.02070080041885376,
  "4_15": -0.016177618503570558,
  "5_0": -0.008002074559529622,
  "5_1": 0.02378691037495931,
  "5_2": -0.0064421812693278,
  "5_3": -0.005618548393249512,
  "5_4": -0.0010110974311828614,
  "5_5": -0.0031363765398661294,
  "5_6": -0.003475340207417806,
  "5_7": 0.006067593892415364,
  "5_8": 0.02298529545466105,
  "5_9": 0.008448962370554607,
  "5_10": -0.01894842783610026,
  "5_11": -0.0064555048942565914,
  "5_12": -0.004902295271555583,
  "5_13": 0.006846515337626139,
  "5_14": -0.003495744864145915,
  "5_15": 0.004361240069071451,
  "6_0": -0.02445708910624186,
  "6_1": 0.04517386754353841,
  "6_2": 0.004345409075419108,
  "6_3": 0.00015528202056884765,
  "6_4": 0.011600009600321452,
  "6_5": 0.005689811706542969,
  "6_6": 0.006244484583536784,
  "6_7": -0.003649767239888509,
  "6_8": 0.01532593568166097,
  "6_9": -0.00480804443359375,
  "6_10": -0.018236025174458822,
  "6_11": 0.003071268399556478,
  "6_12": -0.00233233372370402,
  "6_13": 0.0010441422462463378,
  "6_14": -0.005616998672485352,
  "6_15": 0.024345656236012776,
  "7_0": 0.002885754903157552,
  "7_1": 0.0006305972735087076,
  "7_2": 0.11451988220214844,
  "7_3": -0.01577456792195638,
  "7_4": 0.011174861590067546,
  "7_5": -0.011401164531707763,
  "7_6": 0.010667022069295247,
  "7_7": -0.00641938050587972,
  "7_8": 0.0021860718727111815,
  "7_9": 0.01056356430053711,
  "7_10": 0.00788892110188802,
  "7_11": 0.0025522033373514812,
  "7_12": 0.020380699634552003,
  "7_13": -0.0025471170743306478,
  "7_14": -0.018475031852722167,
  "7_15": -0.0016179362932840983,
  "8_0": 0.003291467825571696,
  "8_1": 0.01236507495244344,
  "8_2": -0.0174576203028361,
  "8_3": -0.01037596066792806,
  "8_4": 0.005100953578948975,
  "8_5": 0.02257645527521769,
  "8_6": 0.0323685089747111,
  "8_7": 0.001193857192993164,
  "8_8": -0.013915725549062093,
  "8_9": -0.011590381463368734,
  "8_10": 0.006965998808542887,
  "8_11": -0.008117763201395671,
  "8_12": -0.007389378547668457,
  "8_13": -0.01961859067281087,
  "8_14": -0.0092748761177063,
  "8_15": 0.027535041173299152,
  "9_0": 0.030832175413767496,
  "9_1": 0.008636033535003662,
  "9_2": 0.00499951442082723,
  "9_3": 0.052341707547505695,
  "9_4": -0.011959012349446614,
  "9_5": 0.00625385840733846,
  "9_6": 0.0011139512062072754,
  "9_7": 3.187259038289388e-05,
  "9_8": 0.002784891923268636,
  "9_9": -0.03786639769872029,
  "9_10": 0.0016501744588216145,
  "9_11": -0.01694278319676717,
  "9_12": 0.01272429625193278,
  "9_13": 0.011681711673736573,
  "9_14": 0.026338664690653484,
  "9_15": -0.0013661583264668782,
  "10_0": 0.006140013535817464,
  "10_1": -0.003997353712717692,
  "10_2": -0.007030709584554037,
  "10_3": -0.009144755204518636,
  "10_4": -0.03639674186706543,
  "10_5": 0.010810446739196778,
  "10_6": -0.009863237539927164,
  "10_7": 0.000201265017191569,
  "10_8": 0.004295516014099121,
  "10_9": 0.006019731362660726,
  "10_10": -0.018165953954060874,
  "10_11": 0.024055993556976317,
  "10_12": 0.012347912788391114,
  "10_13": 0.011444965998331705,
  "10_14": 0.025837719440460205,
  "10_15": -0.0037515997886657716,
  "11_0": 0.006712718804677328,
  "11_1": 0.007255053520202637,
  "11_2": -0.01892369588216146,
  "11_3": -0.004922604560852051,
  "11_4": -0.006692143281300863,
  "11_5": -0.006991259256998698,
  "11_6": 0.02737534443537394,
  "11_7": 0.02047388950983683,
  "11_8": 0.002474399407704671,
  "11_9": 0.00482177734375,
  "11_10": 0.014882524808247885,
  "11_11": -0.0075975577036539715,
  "11_12": -0.011369176705678304,
  "11_13": -0.008365623156229655,
  "11_14": -0.008221666018168131,
  "11_15": 0.01213152011235555,
  "12_0": 0.024491870403289796,
  "12_1": 0.0015538533528645833,
  "12_2": 0.00013054609298706054,
  "12_3": 0.012217509746551513,
  "12_4": -0.0020278414090474446,
  "12_5": -0.025163602828979493,
  "12_6": 0.023607269922892252,
  "12_7": 0.05204739967981974,
  "12_8": 0.004982165495554606,
  "12_9": 0.014021805922190348,
  "12_10": -0.02221625248591105,
  "12_11": 0.0013972640037536622,
  "12_12": -0.0147103746732076,
  "12_13": 0.0009207606315612793,
  "12_14": 0.0029285510381062826,
  "12_15": -0.019848219553629556,
  "13_0": 0.007769644260406494,
  "13_1": -0.044338031609853105,
  "13_2": 0.01819701592127482,
  "13_3": 0.0004176696141560872,
  "13_4": 0.008656164010365805,
  "13_5": 0.016966466108957926,
  "13_6": 0.006864019234975179,
  "13_7": -0.02731388807296753,
  "13_8": 0.01746242046356201,
  "13_9": 0.019038836161295574,
  "13_10": 0.028462350368499756,
  "13_11": -0.00043837626775105796,
  "13_12": -0.003712328275044759,
  "13_13": -0.019446225961049397,
  "13_14": 0.0031893531481424968,
  "13_15": 0.0028455972671508787,
  "14_0": -0.014924903710683187,
  "14_1": 0.003714776039123535,
  "14_2": -0.002587775389353434,
  "14_3": -0.006916662057240804,
  "14_4": -0.00332723061243693,
  "14_5": 0.01899802287419637,
  "14_6": 0.005141456921895345,
  "14_7": -0.01662317117055257,
  "14_8": 0.0034015695254007976,
  "14_9": 0.02012385129928589,
  "14_10": 0.0235034704208374,
  "14_11": -0.0005592068036397298,
  "14_12": -0.0004812916119893392,
  "14_13": 0.0021500945091247558,
  "14_14": -0.004471492767333984,
  "14_15": -0.013952430089314778,
  "15_0": 0.011937900384267171,
  "15_1": -0.01572995980580648,
  "15_2": -0.019109137852986655,
  "15_3": 0.03311267693837484,
  "15_4": 0.007374433676401774,
  "15_5": 0.004860512415568034,
  "15_6": -0.039825530846913655,
  "15_7": -0.002366673946380615,
  "15_8": -0.018061705430348716,