{
  "0": -3.7002220153808594,
  "1": -0.07415008544921875,
  "2": -0.10303068161010742,
  "3": 0.042474985122680664,
  "4": 0.023806095123291016,
  "5": 0.06294107437133789,
  "6": 0.24596691131591797,
  "7": 0.00795888900756836,
  "8": -0.7548542022705078,
  "9": -0.6418037414550781,
  "10": -0.08901500701904297,
  "11": -0.2105269432067871,
  "12": 0.326934814453125,
  "13": -0.26816821098327637,
  "14": -0.41894054412841797,
  "15": -0.34104251861572266,
  "16": -0.13168692588806152,
  "17": 0.007064342498779297,
  "18": 0.022467613220214844,
  "19": -0.12747502326965332,
  "20": 0.33289670944213867,
  "21": -0.11624646186828613,
  "22": -0.25612974166870117,
  "23": 0.7621216773986816
}