{
  "0": 1.3331863461283424,
  "1": -0.01800968594926941,
  "2": -0.003696218175426168,
  "3": -0.005865347238234532,
  "4": 0.0008960995126200764,
  "5": 0.02008254145398552,
  "6": 0.021714391418558465,
  "7": 0.025604589259409383,
  "8": -0.0005308888916276459,
  "9": 0.01894441063021436,
  "10": 0.008144575419702194,
  "11": 0.013516101855271676,
  "12": 0.0069507794049617115,
  "13": 0.0016000404430364045,
  "14": 0.01709638407200943,
  "15": -0.005887125065976512,
  "16": 0.00959755280758241,
  "17": 0.006604718573299455,
  "18": 0.019594417338357692,
  "19": 0.001876480785416968,
  "20": 0.00022314348791399572,
  "21": 0.023029633963096742,
  "22": -0.0022655980199830146,
  "23": -0.01290014689011678
}