{
  "0": 1.7516437927881876,
  "1": 0.11510648330052693,
  "2": 0.03670131365458171,
  "3": 0.12450674772262574,
  "4": 0.05038679043451945,
  "5": 0.012655520439147949,
  "6": -0.0483161727587382,
  "7": -0.0317297617594401,
  "8": 0.024994325637817384,
  "9": 0.03693888982137044,
  "10": 0.02609415849049886,
  "11": -0.0034710288047790526,
  "12": -0.1368839422861735,
  "13": 0.023223090171813964,
  "14": -0.22437676191329955,
  "15": -0.03708027601242066,
  "16": 0.06776727040608724,
  "17": 0.010514191786448161,
  "18": 0.10368105173110961,
  "19": -0.3086196104685465,
  "20": 0.11775936683019002,
  "21": -0.20190259218215942,
  "22": 0.2875317613283793,
  "23": -0.01041261355082194
}