{
  "0": 9.055809834990214e-05,
  "1": 7.844391802791506e-12,
  "2": 2.860011818484054e-07,
  "3": 1.1219594853173476e-07,
  "4": -2.668298293428961e-07,
  "5": 1.8026310044660931e-07,
  "6": 1.452792730560759e-08,
  "7": 4.360564389571664e-07,
  "8": 3.6335052300273674e-07,
  "9": 4.051480573252775e-07,
  "10": 2.833126018231269e-07,
  "11": -5.643505573971197e-08,
  "12": -1.766860577845364e-07,
  "13": -2.185345238103764e-07,
  "14": -2.5917859147739364e-07,
  "15": -3.4616300581546966e-07,
  "16": -4.4886814976052847e-07,
  "17": 7.385632443401846e-07,
  "18": 6.431820338548278e-07,
  "19": 1.2827127875425504e-06,
  "20": -2.4002076770557323e-07,
  "21": 5.072396334071527e-07,
  "22": 1.4848125147182145e-06,
  "23": 2.0011577817058424e-07
}